pdb,weight,seq_len
3D3U_A,50.31,439
2R8B_A,83.23460818673924,251
3GOE_A,24.515470625708986,82
3C6C_A,38.34282853416007,316
1DOI_A,36.45191901669924,128
4ZL8_A,60.39260467971224,192
4JIU_A,31.20108171201762,105
2YZT_A,18.928285712129348,67
1NE2_A,102.14067162497024,200
2PNQ_A,151.45709887621643,467
1EDG_A,120.1665510863984,380
2XEU_A,22.47302382858168,64
3I7U_A,175.3277411021998,134
3FZ0_A,203.48540930494255,360
3DO9_A,39.60202015049233,188
3E8T_A,44.21409729939083,220
4AWT_A,59.42566112379399,365
2C1X_A,82.80192268299088,456
3ERP_A,179.6457013123331,353
3X0I_A,45.66927303997733,170
3GVX_A,171.04525921521474,290
2YWI_A,121.77,196
2PCS_A,47.31572254547108,162
2HQY_A,106.091792330981,305
1YDY_A,178.45129307460903,356
2W8M_A,6.66,212
2GUP_A,55.60067805341945,292
3G0K_A,36.236865206582095,148
3I5T_A,302.54013551923987,476
1EEJ_A,105.11013652355322,216
3F44_A,37.79073960641681,220
3CBG_A,77.99405105519267,232
1WN2_A,16.093054402443308,121
2WM3_A,96.37061792891024,299
1MUW_A,137.07076858323953,386
1MP9_A,43.386859761914096,198
3KFU_E,855.1480135040952,471
1ZLP_A,100.18278794283977,318
2EIY_A,236.7947423402809,308
3ZZP_A,0.74,77
3ELF_A,43.9194717636722,349
2ESS_A,64.83043112613088,248
3LYX_A,51.87089742813402,124
1VE3_A,174.7197470236264,227
3RY0_A,38.31457164056516,65
3KLJ_A,102.54882934485406,385
3LF2_A,444.4697722005401,265
3SIG_A,29.981327522309616,277
1YSP_A,50.14754231265975,181
6ENS_A,33.24857139788114,193
4P82_A,51.48125872587033,183
1LO7_A,46.93655291987259,141
2Z8X_A,22.21019585685817,617
2JEP_A,240.45529730076652,395
3FKQ_A,80.82170005635862,373
2R7K_A,115.340466446083,361
3EK3_A,39.14741370767678,190
5IWH_A,27.280980554224953,117
2QXY_A,64.04080261833076,142
1XGK_A,96.81442867672152,352
2I9W_A,23.466861741613428,184
1B5P_A,223.1350909202764,385
1Y9U_A,45.719090104681655,323
2HUN_A,220.52507612514273,336
2WLR_A,70.79524136550421,423
2AU7_A,18.929144196185945,175
2FR5_A,140.29611541307906,146
2CVB_A,60.23163620556891,188
2RA5_A,40.98415303504514,247
3H35_A,45.08053903848089,185
2V7S_A,13.043116958764111,215
3FIU_A,280.1533979804636,249
2ZYQ_A,91.13724156457666,300
2A14_A,79.25439987786167,263
4CD5_A,52.54640330222421,419
1K2E_A,84.64041587799531,156
2F4W_A,70.37624172972012,187
1X3S_A,54.108686918091074,195
1RM6_A,479.80256502023826,769
2H8G_A,131.66328265693517,267
1TH8_A,88.92,145
3KU7_A,11.163189508379762,80
1JQG_A,84.71336907478064,433
1UWK_A,36.715036429234274,557
1GZ2_A,37.59075418237841,142
1C4X_A,78.22708929776181,285
2AR1_A,22.091858228768352,172
3IWP_A,397.3537406392445,287
2IEL_A,79.28108034077235,138
1NH8_A,78.9379300463345,304
2ABQ_A,154.10879793185077,306
3FEF_A,222.82691399379925,450
1GR0_A,17.965299886169447,367
6I6M_A,197.1217897646021,393
1UWM_A,32.51626669837729,106
2PH1_A,81.56469824623886,262
1I0V_A,12.393030299325504,104
4HCJ_A,47.88996032573007,177
4F0W_A,28.927438531608704,188
1G2Q_A,105.90626043818185,187
2DKN_A,142.47189196469597,255
4UHO_A,147.13035037000355,468
2OHW_A,25.72768159006948,133
5OBY_A,91.68695381568745,374
3CJE_A,45.85962494395261,167
2C2Q_A,43.690651173906765,199
2PH5_A,53.139337594667104,480
2XWL_A,109.23341613261026,223
1BHP_A,2.5455844122715714,45
3E8P_A,191.8342451180185,164
1PUC_A,4.946048928185001,105
2DT4_A,28.742644276405745,143
1TED_A,360.5802740028911,393
5JRY_A,149.553002978877,485
1KAO_A,45.4595963466461,167
1SDO_A,13.845316897781718,203
2JL1_A,77.49,287
1MWW_A,98.04233779342474,128
1O4U_A,68.00117940153685,285
2G40_A,25.982486409117968,224
1CFR_A,7.487476210312792,285
2GKP_A,11.720976921741634,167
2Z15_A,41.768830483986505,130
2WAW_A,58.10665194278534,199
1ML4_A,39.91,308
3I3W_A,189.35565822018623,443
2C4E_A,64.61444652707318,302
3H14_A,103.63466215509172,391
4NBU_A,293.2545992819209,250
1O13_A,30.030734256757693,136
1BG2_A,80.16649175310094,325
2Q3P_A,102.73177502603563,112
1ATI_A,167.0147340805595,505
2C0C_A,193.47981160834323,362
1YVR_A,48.50237107606185,538
1YGT_A,17.871843777293936,111
5ZB0_A,100.03694317600872,198
3AW8_A,230.0622524448546,369
2WAG_A,56.503399897705265,220
3H2S_A,92.3592096111698,224
3HTV_A,61.98249752954458,310
4MZC_A,28.383467018671276,111
2DT8_A,53.569250508104,280
1M32_A,632.9995066348788,366
3BWN_A,525.9916793068119,391
5VPQ_A,124.8550715830158,289
2HFK_A,178.15294749175496,319
2DOK_A,79.41201924142213,186
2HF9_A,103.81733959218953,226
3WCZ_A,70.47639533914884,308
1CEO_A,85.87191391834702,343
2XWP_A,55.240056118726024,264
1NTH_A,27.36,458
1P9Y_A,39.50374665775387,121
2Y28_A,131.36214523217868,187
3RM3_A,51.60139532997145,270
2RAU_A,103.03897320916974,354
3K01_A,110.5223592763021,412
2PAG_A,21.929486998103716,135
2YJG_A,116.60140436547066,436
2XMZ_A,69.16,269
3GHJ_A,28.29405591285915,141
4TM7_A,55.89,256
3CSS_A,62.64091953348068,267
2B5E_A,100.62177994847836,504
2EGG_A,103.84285820411532,297
1YDL_A,5.12,79
1K0W_A,333.96437115357077,231
1UKK_A,82.70794883201978,142
2Z6O_A,3.32,172
4DD5_A,87.56810378214205,396
3B0G_A,82.64912824706622,591
5B4T_A,99.48185764248676,260
3C96_A,119.93938093887262,410
2QSX_A,103.81496375763948,218
1ZZM_A,45.8217775735512,259
2V6U_A,36.52794546645075,104
2A90_A,14.205984654363103,240
1QHX_A,46.28,178
4CNN_A,97.6592115470937,252
3AXB_A,107.79214257078296,448
6Q6T_A,33.47327292034647,113
3L7H_A,77.46276524886005,97
2B0A_A,12.065686884715682,186
1MSC_A,2.58,129
1UM0_A,136.96014018684414,365
3FKC_A,31.151963020008864,116
1K6D_A,81.68457381905104,220
1YP1_A,40.95173256408086,202
1T6C_A,61.80897022277591,315
5V01_A,72.75290303486179,173
4EEW_A,48.69360122233721,88
1PBG_A,244.00899573581304,468
3I3G_A,82.74252352931956,161
3B12_A,164.74496653919357,304
3W25_A,77.82747072852875,336
1GY6_A,38.81814008939635,127
3BE4_A,73.38400711326685,217
1U02_A,39.52597626877798,239
2OZG_A,118.2347736497178,396
4I7W_A,151.22887819460936,308
5F6E_A,38.74959612692757,157
3NVS_A,127.01659891525988,450
3H6E_A,189.3689399030369,482
1V98_A,50.3882674836117,140
1WPO_A,16.52,256
3AOW_A,278.0271526308177,448
2QJC_A,44.82818198410459,262
2INW_A,7.241615841785589,133
3HHE_A,66.7210461548678,255
5K9B_A,46.98536899929594,180
1JSX_A,60.72603230905178,207
3CQJ_A,167.3081354865925,295
4GBU_A,99.67016805443843,400
2FUK_A,31.666329121008012,220
2FX5_A,29.189367927380687,258
3I1I_A,225.39933562457543,377
2DYK_A,81.05553651663777,161
6NKJ_A,187.711243136899,430
3DKR_A,52.52473226966512,251
3D7A_A,24.837560266660653,138
2R6Z_A,70.51943987298822,258
4GC3_A,75.54099880197508,284
1NHS_A,170.94080963889223,447
2NVO_A,46.52892433744842,535
2ZIB_A,41.62030754331352,133
2EHD_A,117.89961831999288,234
1E4E_A,248.8214088457824,343
1I3C_A,78.49993630570665,149
2GF3_A,213.80502800448824,389
2BSJ_A,23.18404623873926,133
5WQJ_A,125.97217946832546,297
3L6E_A,138.2391666641549,235
5M2P_A,4.85753023665319,109
3LV0_A,114.82962683906972,267
3B8F_A,99.4785152683734,142
2O28_A,120.06181741086549,184
3FLA_A,100.91422099981746,267
3E9K_A,152.21341925073494,465
1S99_A,17.9485486878466,200
2GQW_A,120.8334837700213,408
3G7N_A,127.03258558338486,258
2P5I_A,61.73351844824657,288
1U0M_A,171.6172858426563,382
2NRK_A,29.61042046307347,173
4A29_A,72.01225590133946,258
1TT8_A,14.202816622064796,164
1WMA_A,83.36628515173264,276
1Y6Z_A,58.15191140452736,263
1T1U_A,84.84964230920481,639
1ROA_A,29.051480168831333,122
3FXG_A,732.9829824081866,455
3HZH_B,71.00578567975992,172
1VCD_A,79.68939703624315,126
1YX1_A,130.1086565144687,264
2POZ_A,787.6047739824842,392
1T6L_A,3.5213917703090067,290
3B33_A,26.85209489034328,115
2QU8_A,65.44919250838775,228
3EN0_A,153.17649134250334,291
2Y6U_A,144.09067700583546,398
1W55_A,66.21468266177828,371
1EB6_A,24.716704877471024,177
3OT1_A,105.86330620191303,208
3BIO_A,72.27979385692795,304
3AGD_A,98.99494936611666,456
2F1R_A,84.24010683753907,171
2Q82_A,1.5273506473629428,129
3LV8_A,57.083559804903544,236
4JER_A,8.68045505719602,193
3F13_A,80.46243471334931,163
1IOO_A,55.159289335523525,196
2WCI_A,58.01807649345159,135
1EX2_A,52.06361493404007,189
2YN0_A,80.70485487255398,271
2ZQ5_A,78.28377865177434,384
1V8D_A,28.656489666391447,235
1T3Y_A,26.783013273341744,141
1MVL_A,34.944287086732785,209
3IA2_A,416.77650269658915,271
2HZG_A,196.78243824081457,401
2J3X_A,10.508310996539834,431
2NS9_A,93.55102992484905,157
3EQZ_A,75.03126548313043,135
1LCS_A,19.23070461527606,211
3G7S_A,341.4941194222822,549
1LFW_A,114.5405500248711,470
1VQ2_A,35.20029261242014,193
1WS0_A,23.731512804707585,156
2X65_A,217.89500590880917,336
1ZK4_A,91.29639806695552,251
3G79_A,219.3245312316887,478
2EK0_A,11.095945205344158,90
1Y80_A,37.27012878968893,210
3D1C_A,96.3149334215624,369
1IUG_A,184.26974249724233,352
4TRO_A,95.35679524816256,269
3HVM_A,49.7195132719539,330
2PJZ_A,73.96023458589082,263
1OI0_A,53.88521132926919,124
1JWI_A,75.71253198777598,131
3JUW_A,139.49,175
1ES9_A,49.355494121728746,232
2Q7X_A,71.94237694154954,326
1QWK_A,70.37126686368521,317
5C7H_A,50.42364723024308,281
2III_A,17.666612578533556,135
1QZ9_A,128.07500927191066,416
2B99_A,85.91249734468205,156
1DT9_A,79.79875186993843,437
3AYJ_A,236.94455047542243,721
1K7J_A,43.37104448822971,206
4OY3_A,57.59192651752501,231
3C5E_A,203.39769910203017,570
2CVI_A,54.50263112914825,83
1DCU_A,336.5326587420603,357
3JWG_A,70.33528630779858,219
1YAC_A,95.7714278895329,208
2DJ6_A,43.48203652084387,115
3GGD_A,79.16362801185909,245
3HA2_A,82.79452155789053,177
3B7C_A,35.12680600339291,122
3K4O_A,129.77004662093637,266
3SBM_A,76.54349221194444,281
4AFF_A,27.18452133108104,116
1PBJ_A,39.64417737827334,125
2EJX_A,7.813475539092703,139
5O9Q_A,41.172855135392304,555
1JND_A,128.12493902437572,420
2Z1U_A,90.32584071017553,343
1Y63_A,49.581351332935654,184
1J3A_A,13.28136288187323,142
4N30_A,49.54279362329096,221
3HYN_A,23.261126369976154,189
2EQ5_A,227.25395486107607,228
2UYT_A,107.53523329588307,489
3HZ4_A,68.469485174054,140
2QMX_A,104.21012426823027,283
3RO8_A,563.8080183892387,341
1WHZ_A,17.30364990399424,70
1JUV_A,41.303803698933095,193
1V2X_A,52.758888350684565,194
1KZF_A,68.70343222867399,230
3EY5_A,49.79095500188764,181
1JLJ_A,131.23369613022413,189
1PII_A,56.81551900669394,452
2FCJ_A,93.3133302374318,119
2PSB_A,42.76203690190634,320
2E8E_A,40.01581687283167,132
1AL3_A,100.29889281542444,324
1UFY_A,9.68,122
2DR3_A,421.42149945155853,247
1HYQ_A,80.19955112093834,263
1JFL_A,145.99123261346895,228
3H4X_A,20.169841347913472,339
5TKW_A,27.0556167920822,237
2B4A_A,33.3386502426238,138
1UD9_A,201.82844199963492,245
1XI3_A,108.93026760271913,215
2DKJ_A,231.07133444025465,407
1QWG_A,18.614658202610116,251
3E96_A,152.76678696627744,316
2R9Z_A,300.5035241057915,463
1NSJ_A,31.758463438900822,205
2A7T_A,8.586501033599193,64
3M5U_A,149.06136186148305,361
1SR8_A,4.8843832773442335,298
3UJC_A,95.46,266
2G64_A,23.2163735324878,140
3W06_A,70.74240453928606,272
2WDS_A,34.78965363437814,143
4JN7_A,104.058324991324,395
3CI6_A,82.60205808574021,171
2Z6I_A,90.82707966240024,332
2D2E_A,82.41169152492867,250
2HD9_A,18.51236073546537,145
1SQH_A,49.29022925489392,312
3FW3_A,118.19847714755043,266
3M20_A,52.55830096188422,62
3ESH_A,238.93095236908923,280
2GH9_A,132.73129698756057,386
5JIC_A,49.95112611343212,273
3D1P_A,39.17173470756688,139
2YY7_A,238.43006521829415,312
1CBF_A,79.84174096298253,285
2BH1_A,80.72834446463027,250
2ATZ_A,3.42,180
3CPG_A,62.730219990049456,282
3C9H_A,169.05567100810313,355
3DM8_A,41.828220139040106,143
2QZS_A,172.71089108681016,485
1YWQ_A,48.75,200
1XMT_A,28.861869308830297,103
1EZW_A,102.9368350008878,349
1DS1_A,75.88781720408092,324
2NRQ_A,16.2632346106179,159
2DGB_A,45.59084118548373,84
3IXL_A,77.60902009431636,240
2ZCU_A,60.62487113388365,286
5HJ9_A,75.09217202878074,330
1P0H_A,78.51452094994913,318
1SGL_A,32.178228664735414,209
2QML_A,61.41301490726538,198
3A2Q_A,117.67119613567289,493
2OBD_A,64.37221760977323,476
3GWR_A,77.20416115728477,144
1XTP_A,101.78141284144172,254
3L84_A,63.838503271928296,632
2QPV_A,58.1520214609948,156
2UXQ_A,201.3565228642966,402
2A1V_A,30.48519640743684,144
1K7C_A,58.52893216179499,233
3HL4_A,77.66,236
2GMW_A,127.47102729640176,211
2HM7_A,102.05913579881027,310
2DBO_A,16.212587702152916,148
5NG7_A,165.33307836001845,299
1YB3_A,4.312574637035283,175
2CDU_A,348.14152467064304,452
2B34_A,327.6399975582957,199
1GSA_A,98.64798629470346,316
3LGD_A,100.64455474589772,508
2H29_A,93.24496769263207,189
2P09_A,0.69,81
2WLT_A,66.65085745885044,332
2EHG_A,41.23829045923218,149
2ZGI_A,210.01016356357613,246
1S2W_A,49.828076422836155,295
1TZ0_A,96.9917651143642,114
2GKE_A,48.24267820094568,274
2OCT_A,40.04477494005928,98
3H5J_A,44.44277219076236,171
5VIV_A,73.33583707847072,315
3BED_A,66.14732496480866,142
5OTN_A,55.65943585772317,159
2P8B_A,84.46796078987583,369
2YXD_A,77.79950385445913,183
1JMV_A,185.5566183136565,141
1O22_A,1.46,170
1WV8_A,19.75514110301417,73
2HQV_A,22.775763433966375,195
2I0Z_A,64.17735426145269,447
4PBH_A,99.27469566813086,334
3RL5_A,62.759498085947115,296
4P47_A,113.40828893868384,345
1FN9_A,7.3,365
1XEO_A,27.36215452043205,168
1HZT_A,58.22047062674776,190
3A2Z_A,15.080782473068169,197
1EDT_A,64.31370382741146,271
5AOV_A,108.27989471734814,336
3JRN_A,49.18522237420503,176
2XOD_A,9.291329291333938,119
2FHZ_A,5.628569978244919,109
1XD3_A,63.8460617422876,230
1L6S_A,44.61762880297428,323
3F5D_A,50.05886135341075,206
2WK1_A,59.27765177535291,282
3HJN_A,109.0666287184123,197
2CU2_A,114.4896501872549,337
3G5L_A,142.35869309599607,253
1UG6_A,118.05658304389466,431
5ZZR_A,57.46353278384475,377
2BFD_A,137.6105101363991,400
1U7N_A,105.65509926170152,336
2CXX_A,140.0243550244028,190
1YPF_A,94.21544459376074,336
2XCZ_A,28.997261939707343,115
1V7L_A,33.67106769913897,163
1UJC_A,24.167416080334284,161
3PKV_A,55.25,252
2W2J_A,60.58222841725121,291
1Q2Y_A,43.0144161880642,140
1GYX_A,46.52789270964246,76
1E0C_A,45.17964143284008,271
3MQD_A,105.42792751448737,428
3JYN_A,79.74098695150442,325
3BON_A,14.999093305930192,425
1EZ0_A,659.635331073162,510
3G5T_A,90.9244670042118,299
1XPJ_A,108.9072596294664,126
1XJC_A,41.20447548507322,169
2BDT_A,56.71481287988174,189
3BKR_A,34.11794542465885,126
1ZCC_A,314.2992204890111,248
1WDJ_A,155.97254117311803,187
3TG0_A,176.3,449
1V6T_A,29.77606925032248,255
2APJ_A,95.23314129020422,260
1RKQ_A,142.3717528163505,282
1G2R_A,16.44328434346375,100
2DUL_A,34.427651677103974,378
4ONM_B,72.19217686148549,160
2Q74_A,181.48227379003163,299
2QHS_A,50.53107954516706,237
4EE9_A,71.84952400677405,321
4XEM_A,38.99718323161303,475
2EFV_A,2.9565520458804713,92
1SVI_A,47.52953608021017,195
2FIU_A,48.00097499009786,99
1LEH_A,79.74840437275219,364
3EWI_A,78.43436746732901,168
2ATR_A,24.84325864293974,138
3BC1_A,136.40831792819674,195
3D3Z_A,41.632996529195445,247
1VE5_A,285.54711817841905,311
6AJP_A,49.61136966462426,229
6D4R_A,51.06419293399241,389
3PPL_A,285.35588306534,427
2YYH_A,178.93484847843362,139
1O20_A,64.48820047109395,427
3AIA_A,25.92296279363144,211
2BBH_A,59.37283469735969,269
3BCI_A,48.723916098770225,186
6MWS_A,39.16396302725249,115
2RBC_A,81.22827832719342,343
1B0U_A,86.46818374408011,262
3BQW_A,61.68406925617019,351
1AHO_A,4.19676065555328,64
4G9E_A,144.73206106457548,279
1VDW_A,99.2,254
1A4I_A,94.41715945737828,301
6EQE_A,48.57530236653191,298
3DS8_A,54.61906718353949,254
3AJV_A,72.05316786928941,190
4M1X_A,2.89,99
3I7M_A,26.226513302381623,140
1JET_A,156.7780596894859,517
1W4R_A,360.39199283557895,195
2VVM_A,223.0577102455775,495
2WT9_A,119.1274107835808,235
2HHC_A,40.531609886605786,330
5TQJ_A,42.251078092754035,136
3HO6_A,30.51384931469643,267
4WES_A,324.45672808558,534
2C4N_A,64.08002808988148,250
2Q4V_A,822.5464966796711,170
1ESC_A,103.16737274933388,306
2IEC_A,20.34821859524809,131
1Q7E_A,83.34628486021438,428
4PSC_A,27.21249712907656,254
4MIJ_A,107.32690808925784,337
2EF0_A,37.08857371212864,301
1R6D_A,110.0938672224752,337
4MNC_A,106.66282154527885,332
3CXG_A,70.80205646730892,133
6ER1_A,38.92487122650504,131
3GON_A,80.92330010571739,335
4UHC_A,72.75956294536135,282
4IDC_A,57.33243322936852,332
2FPN_A,23.842357266008744,216
4MX6_A,109.50307073319908,346
2HVW_A,106.72305795843744,184
3JTW_A,76.1670164835147,178
3GA8_A,15.981992992114597,78
2H9A_A,40.233568074432576,445
2PGE_A,86.10491275182851,377
1K77_A,67.48890279149603,260
2D0I_A,434.6893787522304,333
1EWF_A,66.39460219023833,456
1YIR_A,159.08940882409487,408
1EYE_A,49.175994143484274,280
1NYR_A,190.1370192782037,645
2P14_A,8.72417331327158,192
1XKN_A,48.03698575056515,355
1V8F_A,108.16946704130514,276
3HZP_A,35.88144227870446,131
1XKU_A,79.18260541305773,330
2EKL_A,101.48396523589332,313
2JBH_A,128.18935057172263,225
2AR5_A,30.4874252766612,121
1PVT_A,58.58360180118665,238
3EF6_A,134.99629624548965,410
3K8U_A,34.90140541582817,156
1VKC_A,96.7926753427138,158
3FOV_A,21.18593873303706,134
5LHM_A,64.64120125740239,233
2HJP_A,54.02342825108381,290
2RIH_A,90.22449501105562,141
2E3J_A,96.88,356
3LLV_A,41.1386642952831,141
3DRF_A,191.6842852192114,590
6RNV_A,98.5059510892616,330
2Y27_A,324.6932632501019,437
2GZQ_A,34.84708883106306,200
3IWG_A,106.79962219034296,276
3F9M_A,144.6016002677702,470
1WLU_A,37.65873603826873,136
4QT3_A,34.14125070936915,134
1YLX_A,4.97401246480143,103
2VQ3_A,98.0698210460282,215
3KYE_A,114.29248794212155,150
1JJV_A,52.45180263823161,206
2YX0_A,116.45986089636206,342
4JXR_A,110.3739099606424,186
1F32_A,5.956828014975756,149
3KHN_A,97.8087562542332,174
3KEB_A,217.7982479268371,224
1IIB_A,62.34691331573681,106
3KE3_A,113.84310080105864,379
2W2S_A,1.63,202
2D2R_A,77.30175159723096,245
2NQW_A,24.248340149379295,93
2VQ9_A,13.19028051255924,148
1R44_A,267.7395510566192,202
1TTZ_A,15.30923904052713,87
3H5I_A,34.46012188022555,140
3DDM_A,358.0291652924381,392
2D59_A,34.04500403877198,144
3CAO_A,0.0,103
1U9C_A,65.85317000722137,224
1BYI_A,69.65643688848863,224
3FNI_A,32.093550754006635,159
3ILV_A,57.28429104038907,634
4HS1_A,22.316626089084345,85
3L7O_A,88.77722117750702,225
3GD6_A,86.74865301547914,391
1YIX_A,100.420665203931,265
1YCO_A,83.4172428218531,279
3F6A_A,108.53168707801422,159
2O90_A,28.795963258762505,122
1U69_A,112.29,163
1LC0_A,64.03812223980339,294
1I52_A,58.45671475544961,236
2EF7_A,73.74224840618842,133
3EDN_A,139.20083333083895,299
2E6C_A,95.67481591307089,244
2XVY_A,57.758968134827334,269
1G8A_A,83.43601081068054,227
3LCC_A,78.29813790889283,235
1DI6_A,48.34803201785984,195
1QDD_A,38.05837621339092,144
1VCV_A,64.55851299402737,226
3R0V_A,56.9987052484528,262
3L12_A,161.0989248877844,313
3JST_A,37.085491772389915,97
3IX3_A,85.44683259196914,173
2DE3_A,246.73635220615543,365
1ZL0_A,81.02218029650894,311
2ZBC_A,197.02991448000984,83
3CC8_A,65.5359061888977,230
3DOD_A,277.0272972109427,448
2ZVC_A,73.30203339607982,295
3VOR_A,9.63053477227511,182
1IZ0_A,58.50529890531285,302
1NU0_A,64.34652127349233,138
1EX9_A,35.710397645503754,285
1VKI_A,89.79804897657856,181
3E99_A,44.76275237292721,164
1R5T_A,149.887461783833,142
4HGU_A,4.436214602563767,40
2GS5_A,25.56750867800772,198
1QFX_A,159.61035555376725,460
2BMV_A,45.93014913975351,164
2B0V_A,42.91506029356128,153
1S0A_A,260.994471972109,429
3CF4_A,37.4,807
2XJ4_A,74.3358594488555,286
1PG6_A,33.02431225627568,243
2JFN_A,81.85715118424291,285
1I9G_A,79.68418914690669,280
2R2Z_A,22.51399564715246,93
3FH1_A,35.242315474440666,129
3HKW_A,122.37864723880551,581
6K4X_A,76.15825628255942,262
2EKC_A,160.71070281720506,262
3E98_A,88.24390743841752,252
3EA1_A,60.37239104093857,298
3EES_A,92.95177674471856,153
2H0U_A,46.40412373916784,217
3I3F_A,112.42999421862476,141
3B4W_A,161.57053908432687,495
1ZCH_A,68.5541814917223,255
3LX3_A,34.15229274880385,180
3H2G_A,108.15247986061162,397
2PCJ_A,149.79227216382026,224
3I24_A,82.55426578923709,149
2FFG_A,7.33762223066846,87
2FGE_A,453.0364113401925,995
2XHG_A,140.18805548262662,466
2PG3_A,64.52210783909652,232
3JZL_A,245.85999084845017,409
5FRD_A,101.21828293347008,260
1XUB_A,58.8415091580765,298
2WZ9_A,32.86335345030997,153
2XHZ_A,216.16712909228357,183
2E2O_A,43.32921647110642,299
3CQ1_A,22.325940069793255,103
3EVN_A,88.36707078997244,329
3CPK_A,16.704714903284042,150
3KLU_A,14.599123261346897,157
4OO4_A,71.61585020091572,105
1ACF_A,16.056540723331413,125
2E9L_A,130.97833408621443,469
4MTU_A,49.495355337647595,144
2Q0V_A,35.25109927363968,156
4B5N_A,82.03334200189578,355
1J27_A,11.595516374875247,102
1A3A_A,190.95073291296896,148
1USM_A,13.336791218280355,80
2D3Y_A,53.733157361167606,219
2HZL_A,244.70809753663653,365
3ELI_A,49.148158663372115,152
2VUV_A,34.369847250169734,129
1PIE_A,102.4349393517661,419
1HYE_A,81.16652696771003,313
4I2U_A,41.00196946489278,114
3NDO_A,75.1648188982053,231
1RZ3_A,50.077539875676806,201
3L6B_A,85.4969122249453,346
5EYN_A,84.41385905169838,323
5SXO_A,120.56831631900646,413
2X7Q_A,121.4270373516541,321
2ZSG_A,171.8268011690842,359
5FI3_A,180.198219747033,357
2PLW_A,61.665510619794595,201
3E9M_A,337.4879245247154,330
2JC5_A,62.96417314632187,259
3AG6_A,87.50147655897014,283
1XOC_A,148.59299815267204,520
2RBK_A,79.55149841454904,261
3F2V_A,53.968057219062466,192
3BBD_A,29.89734436367217,205
2W3P_A,65.7,556
5IHV_A,58.47798047128508,269
3A09_A,172.89433189089803,490
2DDX_A,33.51482060223507,333
3LD3_A,36.83452728080001,199
2JI4_A,45.19922123222921,379
2NUH_A,18.80646697282613,118
3B84_A,32.460683911464336,119
1V72_A,71.70690343335153,356
3M1X_A,35.37742924521226,148
2DPL_A,153.4887780914292,308
1XDW_A,113.02571654274084,331
3ISQ_A,86.80634078222627,393
1Z6N_A,39.56236595553911,167
3D1R_A,23.588586223002007,337
2CZL_A,73.37341752978391,272
3FIL_A,1.5697770542341356,56
1VE2_A,128.10377043631462,235
2FDN_A,12.012181317312857,55
2WE8_A,127.9412365111421,386
2FFI_A,103.51879442883792,288
4GWB_A,23.338048333140456,168
1QTW_A,89.58253177935975,285
2A8E_A,14.782760229402356,220
2H8E_A,20.54069132234843,120
4OPC_A,148.9544037616881,453
4G0X_A,25.12236453839487,147
1HK8_A,46.26124511943015,605
2HLS_A,86.12190720136195,243
2DXQ_A,78.96412666521424,150
2PLI_A,90.54626220888414,91
1A7J_A,85.44873199761363,290
1VFF_A,115.99767583878568,423
2CV8_A,47.99668321873919,180
1YM5_A,67.29967607648643,300
2YVP_A,56.36125974461536,182
4HNO_A,93.44349897130353,288
2BKY_A,34.11378020683137,97
2DRW_A,727.0225790166354,363
1G12_A,20.247673940480173,167
2NX9_A,185.4852921392961,464
3GQV_A,93.39615409640808,371
2DXA_A,41.58,166
3IB7_A,88.00695995204016,330
3VUP_A,195.42852913533375,351
1K3S_A,13.114495796636636,113
2DHO_A,66.78856563813899,235
2NWH_A,79.8790166439222,317
2P7I_A,151.924191622006,250
6H0M_A,100.3424919961628,270
1FYE_A,42.08847823335978,229
3I06_A,40.793381816172094,215
2YX5_A,13.770141611472264,83
1UJ6_A,40.3287155758772,227
1RCU_A,158.21872961188888,195
1OZ9_A,28.023195749236024,150
3LK7_A,97.1530997961465,451
1BS0_A,97.5497821627501,384
2DM9_A,69.68996484430164,198
2YUT_A,51.03638408037936,207
2OEM_A,74.07305042996408,413
3CU3_A,52.50828506055021,172
1X3L_A,55.150122393336545,440
1NJ1_A,65.14987490394743,501
2XFR_A,30.02069619445891,535
4NET_A,229.30308981782167,361
3IEY_A,41.43065531704754,154
4BAT_A,82.08331377326333,301
4H3U_A,79.43339851724839,158
3D22_A,37.60963972175219,139
3H1G_A,35.37185745758908,129
3KSH_A,34.82757528166438,160
3I8B_A,118.7158649886358,515
3G89_A,162.75249614061224,249
1VIA_A,71.32688553413783,175
1YD6_A,91.8973900608717,99
6F9M_A,158.49,330
1YCD_A,108.21246462399792,243
2EHZ_A,53.57025387283507,302
3ADR_A,143.3268380311238,261
4MAK_A,8.94,94
2BTY_A,207.7442533501228,282
1VYR_A,88.5452172621424,364
2O2X_A,54.776944054958015,218
1L7A_A,191.43494351867943,318
3U7R_A,125.88614538542356,190
2ZW2_A,29.0496127340796,92
2WJ9_A,24.671368020440212,181
2Z1A_A,95.92890179711225,552
3U8E_A,38.27529751680579,222
4KXV_A,58.16115542181053,637
1NAR_A,59.578876290175195,290
3ETJ_A,157.39208747583217,355
3E9N_A,413.5401831745013,245
1EP3_A,170.64400370361687,311
3H05_A,65.71145105687441,177
2ORW_A,95.51809043317397,184
2Z0R_A,32.38549057834388,103
3GRN_A,102.30591380756051,153
1YK3_A,509.0047033181521,210
3E18_A,217.1568845328188,359
1W5D_A,82.44,462
1KCF_A,66.67973605226703,258
2CSU_A,176.78826997286896,457
3C3J_A,580.1245454210673,384
3BCH_A,16.946580776073976,253
5WMK_A,149.28225480612224,475
1QR0_A,70.11324126012147,228
1YD0_A,21.39705119870493,96
3FGX_A,12.065686884715682,114
2IMF_A,56.658460092028626,203
5K2L_A,15.32376585568965,49
1X6M_A,180.4145226970379,196
3S2J_A,104.0522700377075,400
1MUG_A,43.02673587433748,168
1XFF_A,112.27246590326588,240
1W4X_A,132.82291556806,542
2YWK_A,32.31544522360786,95
1CXY_A,23.08144709501551,90
5IHS_A,58.30083018276841,347
3PKA_A,75.94013431644693,285
3C5C_A,161.15211385520203,187
1ZJ8_A,166.6865657454133,566
2IL5_A,54.79457637394417,171
3EGE_A,81.77276441456532,261
2IEW_A,61.25016897935874,363
3PLW_A,4.666904755831213,186
1P91_A,148.74459183445964,269
2BUE_A,59.34059234621778,202
1UWC_A,129.97695180300238,261
3QOO_A,39.45224961900145,138
1ZOI_A,216.29019025374225,276
3LLC_A,58.43504256865053,270
1KNQ_A,100.00210997773996,175
2D0B_A,56.28905399809096,310
1ELJ_A,117.18395623975154,381
3ZIT_A,25.929257606032607,78
3ISL_A,238.06005460807577,416
1UCS_A,17.173002067198386,64
1RWJ_A,9.480806927682895,82
3A1F_A,49.03564519816172,186
1NXJ_A,76.54866099416763,183
1ME8_A,33.67405381001818,503
3UF7_A,24.227484392730503,237
2Z6R_A,152.0357411926551,265
1AKO_A,70.49979290749725,268
2OC3_A,83.23370110718375,303
6FG8_A,104.68116306193777,265
3GA1_A,73.30342761426644,129
1OOE_A,113.48334679590658,236
2XB4_A,72.36341409856227,223
1WWK_A,197.5783054892414,307
3IT3_A,81.56800843467983,342
1RMD_A,28.027932495994065,116
1VK1_A,21.50534119701429,242
6C1X_A,36.12251513945285,131
1WLJ_A,35.28,189
1C4K_A,95.19835292692832,730
1UMD_A,263.3324078042807,367
3LQB_A,49.46038414731532,199
2Z10_A,53.61391423874962,194
2CZD_A,72.48120583985893,208
3HDO_A,161.70059554621312,360
1N57_A,77.22117844218644,291
2OI2_A,73.10680542876976,292
5UQ6_A,93.74591724443256,313
1S6Y_A,55.8050284472645,450
3AOF_A,143.01286096012484,317
4YUC_A,66.49315754271262,335
2PMP_A,17.527121840165318,160
3IUS_A,138.4096206916268,286
2V78_A,252.25531887355712,313
1PJC_A,61.68770704119257,361
1GEQ_A,157.481998971311,248
1WAD_A,11.155361939444187,112
3HMC_A,33.914837460910825,192
3GDO_A,193.0340583938492,358
1FOB_A,87.16056218267526,334
3G8Q_A,15.683628406717624,278
2YVT_A,48.505076023030824,260
2QHP_A,74.66346094308783,296
1Z4E_A,86.58521813797088,153
3HYI_A,34.550091172093886,295
3JTE_A,40.57513031402364,143
3GJY_A,66.16525145421878,317
1VBW_A,10.922417314862129,68
3MU7_A,60.86124629022972,273
2J6B_A,6.448526963578582,109
5ISV_A,78.9229903133428,165
2ZSI_A,146.65624807692305,351
2QH5_A,168.7394497442729,308
3SZY_A,97.6463368488547,427
1V7R_A,29.643522057947163,186
5Y0M_A,65.13867668290476,355
1KPT_A,12.244998979175133,105
7FD1_A,25.70363398432214,106
1E5X_A,235.12957363972745,486
1DXE_A,130.87707362254093,256
1NU5_A,88.94354445377135,370
1YW4_A,101.8763956959609,341
3PSM_A,9.1136381319427,47
2A9S_A,72.81328450221154,171
1FG7_A,90.80709058217866,356
1K4I_A,28.89883042616085,233
1M55_A,16.825349922067,197
1S2O_A,56.12,244
1IZC_A,58.10826103059701,339
3HZ7_A,18.599462357820993,87
2IXA_A,116.97559745519575,444
2GU0_A,12.04,312
3H4O_A,28.652785204932524,191
3DC7_A,148.52825185802195,232
3HFI_A,39.51684197908532,170
1J93_A,102.55642641980074,353
2FK5_A,86.12222012930229,200
3IU0_A,3.54,382
3G91_A,70.39232912754059,265
2GUI_A,45.65834863417642,194
2IRP_A,99.34575481619736,208
1UI0_A,44.74053195928721,205
2CNQ_A,0.0,306
1SFS_A,25.021834465122655,240
1O69_A,234.99270031215863,394
1WEK_A,327.41719930388507,217
2PPV_A,40.82866639996952,332
2Z5L_A,120.02363017339545,511
1WSC_A,65.4041711208085,230
1WN1_A,182.22193062307292,356
4ZJU_A,108.51691112448788,275
2CY3_A,14.972521497730432,118
2QRR_A,30.89747077027503,101
2YYS_A,145.00395029101793,286
2B06_A,54.55960043841963,155
3KKZ_A,178.97285604247364,267
2PFC_A,6.596969000988257,183
2D8A_A,91.96784166218102,348
2DCL_A,57.38651061007282,127
3GOZ_A,116.14620785888792,362
3EDH_A,53.33132662891483,201
1WKC_A,23.475945135393378,184
3E0R_A,74.48,244
6Q1M_A,15.831920287823584,137
6IH0_A,32.04,279
4ITB_A,271.19532739337524,456
1IQZ_A,32.521273037813266,81
3G8Z_A,35.563807445210365,148
3DME_A,190.6013305305081,369
2EVE_A,16.837541388219364,157
2DDM_A,176.7930145678839,283
3EEA_A,86.99925516922545,162
2WI8_A,101.5650687982832,311
3X34_A,26.302216636625893,94
2PIF_A,35.599737358581734,276
6N4L_A,97.99321966340324,289
4HP8_A,178.65924101484367,247
2V84_A,67.36869154139777,343
2EJB_A,32.737892418419364,189
3HDG_A,137.58227538458578,137
2QAI_A,24.608431481912863,111
3DHN_A,47.05124865505697,227
3F5L_A,263.13735424678873,481
2GV8_A,197.82865313194648,447
5CEC_A,110.01033951406568,446
1JOS_A,22.427661492005804,128
1NQZ_A,57.58410718245095,194
1XFJ_A,46.00135650173808,261
2NYU_A,107.49949441741576,196
1SPX_A,88.89869684084239,278
1WCW_A,68.24994652012556,261
2O9P_A,121.5428525253542,454
2O0B_A,86.6870047931061,450
1IU8_A,56.93953283967125,206
3IJM_A,44.77168748215774,151
4BT7_A,32.099470400615644,257
1EMS_A,206.1565511935044,440
3OZY_A,187.51814845502287,389
2HKE_A,184.29280805283747,380
1YB2_A,59.33243126655101,275
4Y31_A,45.1746610391268,155
2ABS_A,109.27707902391974,383
4XCV_A,97.8087562542332,320
3E8S_A,72.15822614227709,227
3IRS_A,185.8427867849597,291
2AVT_A,185.89854060750451,378
2QJL_A,33.761757951860275,99
2YCH_A,102.60001754385816,377
1RWZ_A,55.587034459485245,245
1O6E_A,17.699533892167896,235
2Q9U_A,127.98459907348229,414
1QU9_A,106.98134603752187,128
2W15_A,4.02,202
3KZN_A,48.42112555486499,359
3CTY_A,143.85812385819577,319
3FDI_A,102.77402395547232,201
1K7H_A,114.63598039010265,476
1ZOD_A,144.43323821060025,433
1KNV_A,17.43,293
1YSQ_A,55.46402347468132,193
1H7E_A,116.64,245
3AX6_A,392.9350022586433,380
2QHF_A,40.92600151492936,407
2GCG_A,442.9942428519811,330
1NIJ_A,66.34318503056663,318
2PPQ_A,105.90387622745448,322
2A6P_A,100.50835189177066,208
4QPN_A,56.776016063122995,227
3WDQ_A,41.745420108078925,355
4LF0_A,90.08396083654402,348
5TFQ_A,57.847662874138656,280
2RAA_A,37.318842425777355,204
3I7T_A,30.611847379731916,149
2EKP_A,83.77464771635869,239
1VD6_A,32.554342260288415,224
2IA7_A,31.45007472169184,134
2F5G_A,72.42761904135742,133
2VPK_A,28.613772907465385,116
2YR1_A,102.41377446418036,257
1BOU_B,188.41655978177715,302
2OVG_A,18.714758881695484,66
2E9Y_A,171.0491522925501,316
2PYW_A,183.845835416525,420
2D1G_A,77.4220859961807,498
1YQF_A,75.03244098388376,203
2XFV_A,7.1639095471676635,125
2OS0_A,34.61695249440655,188
1U2P_A,41.362069580716096,163
1SJW_A,42.69456171457906,144
2C2I_A,99.57012202463146,151
2BCE_A,165.00578414104154,579
2RCK_A,71.4106126566633,225
2QJ8_A,107.54214057754292,332
2WYQ_A,25.23439319658787,85
3EHE_A,188.20977657922023,313
1VJQ_A,23.115925246461583,79
1WMI_A,69.18479312681364,90
3F40_A,20.06022183326994,114
3DFR_A,27.107784859704047,162
2F62_A,50.40698364314215,161
1IXL_A,40.06039815079226,131
1B1C_A,38.431778517263545,181
2RK9_A,64.97307519272887,145
1TUW_A,5.939696961966999,109
1O0X_A,64.74,262
1DHN_A,30.080123005067648,121
2YZQ_A,62.35896086369625,282
3EOD_A,36.0190574557414,130
1HTW_A,120.75376764308432,158
1XRS_A,14.56,516
1JDW_A,62.041276582610706,423
4NN3_A,116.15756324923488,357
2CUL_A,65.6367846561667,232
3M5B_A,42.32794348890577,119
2AFR_A,21.05307578478736,231
2E5F_A,140.09984511054964,325
2GA8_A,32.1072764338553,359
2WW5_A,19.75090124525967,468
1T3B_A,49.059383404197,211
2D7V_A,97.4793901294012,162
2DWC_A,321.38292969602475,433
4PDY_A,69.0581885079532,351
5IMA_A,8.489699641330075,160
1JF8_A,24.768326548234946,131
6IIY_A,63.4611479568405,293
6SAO_A,69.94299107130036,439
1UFH_A,98.04793725520184,180
1U6L_A,72.86746050192774,149
5DP2_A,86.3884396201251,342
1NKI_A,62.96574306716311,135
3F4A_A,96.18315860897894,169
3EO7_A,42.9299790356343,511
2X7I_A,88.9903084610903,308
1XER_A,33.48956852513929,103
1L1S_A,26.05465025672001,113
2NZX_A,68.96033642609352,371
2EW8_A,361.92553488252247,249
2RH8_A,102.58112107010724,338
3GJ0_A,112.85388783732708,221
3GAZ_A,167.37703337077045,343
1D4O_A,31.464208237297186,184
5IWU_A,84.56997102991109,302
3AGK_A,51.75,373
1R9L_A,112.22274234752956,309
1U08_A,215.09476981089057,386
4P8B_A,103.70058292989484,342
2FI9_A,17.660622865573004,128
2CXC_A,19.32,144
2H1V_A,78.71922827365624,310
1RL6_A,22.063943437200884,177
1M65_A,59.70440184776999,245
2PQX_A,42.7172096466986,245
3HM0_A,166.59240678974535,167
1ZKI_A,79.2,133
1F7S_A,25.474347881741743,139
3GOA_A,171.0761476653014,387
4H6Q_A,62.32881516602093,312
2GQ1_A,77.02666551266516,332
3IWA_A,152.83210984606606,472
2HIQ_A,18.315632667205353,113
3GUV_A,46.671053127179384,167
1UCD_A,26.93714906963987,190
3JVN_A,33.34936131322458,166
2EGZ_A,66.95425901315016,219
2C0N_A,24.46448037461658,203
1V2D_A,100.00633529931991,381
1BOL_A,29.701575715776425,222
3CMI_A,50.152038841905515,171
3S6F_A,39.65765247717015,145
1PDO_A,36.29426400962003,135
1OVM_A,373.73493280666173,552
3CSK_A,62.30224715048407,711
1PVG_A,88.93121836565606,418
2OD0_A,42.81969523478652,105
2CWZ_A,167.53522704195677,141
2CYJ_A,16.38,118
3OIG_A,94.64142856064674,266
1NF9_A,52.73424029982796,207
3AXS_A,42.216715883640205,392
3KCN_A,78.84844703607041,151
1Y0K_A,4.360091742154057,209
2Y4R_A,141.33152514566592,292
2E1V_A,357.88556830361296,454
3KVH_A,36.631265334410706,214
2HK9_A,273.1241651703488,275
4OA3_A,39.90574018859943,146
1E58_A,74.61549436946726,249
1K4N_A,10.888144929233812,192
3CHV_A,31.371165104280077,284
3C1A_A,136.1616686149226,315
5O15_A,140.67938264010118,311
5XC5_A,45.76531328418937,176
2QEC_A,55.04102379135039,204
3DNP_A,80.4,290
3A9I_A,73.42909845558503,376
1IQQ_A,31.112698372208097,200
2DDR_A,365.32877384624385,306
2Z6V_A,78.79102486958779,414
1IHU_A,36.62458190887645,589
2DVK_A,12.422302524089485,188
3IAR_A,62.7681447869857,367
2ID1_A,48.06977428696749,130
6CBU_A,26.04414713520103,100
1EOK_A,61.71871353163479,290
3DWV_A,99.68352923126268,187
2P0L_A,65.87426887639816,288
5IB9_A,62.618578712711134,421
2E18_A,139.18491872325822,257
1V47_A,67.15541303573376,349
2FE1_A,47.17764301022254,156
1RF6_A,415.92517981002305,427
3CT4_A,97.28929231935034,332
3BPQ_B,55.44771230628005,88
1VHU_A,52.42674317559694,211
1XW8_A,26.50403742828628,252
3KH7_A,49.60126913698882,176
6N6J_A,101.56881804963568,205
4OXX_A,34.99302787699286,162
1JEO_A,52.94863171036623,180
3D2M_A,78.52589891239705,456
3F75_A,63.004276045360605,224
2OAI_A,21.846841877031107,94
1NJR_A,53.28864794681885,284
2FUE_A,57.964541747520094,262
2FSX_A,43.819228655922274,148
4N13_A,71.06553384025199,265
1ODF_A,69.88791025635264,290
1H7S_A,139.15861453751256,365
1CT9_A,232.83228126700985,553
1Q4U_A,99.85705833840692,151
1WF3_A,72.50489638638207,301
3DK9_A,162.88366768955078,478
2ZFH_A,110.4388767599526,179
1Y7U_A,174.06205789889995,174
2X4G_A,93.1642409940638,342
3IC6_A,60.88189386016174,223
3D7N_A,40.189812141884914,193
1J5X_A,75.00988734826896,342
3DXQ_A,152.46677802065602,301
2GRV_A,519.7493549779548,621
1HR6_A,1267.1810491007195,475
1YHT_A,61.63266666306107,367
1LR0_A,38.90860316176873,129
2PH3_A,149.80820538274932,245
5LDG_A,103.6068047958241,316
1R3S_A,98.85011684363351,367
1YZV_A,37.61023796787253,204
3CNU_A,31.74127911726306,116
4O4V_A,42.817392494172275,252
2NUW_A,145.60386808048747,288
1CZJ_A,14.79898645178108,111
3CET_A,47.69991509426405,334
3Q46_A,19.660742610593324,178
3CEU_A,104.9434014123804,210
2NYI_A,85.80186478160016,195
1B74_A,76.68422523570281,254
2ZIG_A,88.36369220443429,297
2HW2_A,4.780460228890101,143
1ES5_A,84.00857099129826,262
3MD7_A,75.1163098135152,293
2HAF_A,28.77672670753225,211
2DYJ_A,38.65102327235334,95
2BDV_A,39.56703173097522,231
5M10_A,143.7089621422408,541
2HJS_A,39.42281572896589,340
1VHQ_A,106.39630585692343,232
2A3N_A,77.66072044476539,355
5CR4_A,124.54517252788244,230
1WM1_A,95.6060024266259,317
3LEQ_A,25.176655854183657,126
1KP6_A,0.79,79
1VYB_A,99.60040712768198,238
2CY2_A,48.870586245716346,174
2O7R_A,122.03008645412,338
3GT0_A,65.12042997401046,247
6VJU_A,136.79245702888738,324
1NKS_A,382.8834642551176,194
1TUV_A,33.50509811953996,114
1UJP_A,74.51539169862828,271
3EGR_A,7.779203044014213,96
3KD6_A,137.92801890841469,313
3DO5_A,65.53176634274404,327
1R85_A,99.13408798188442,379
1OGQ_A,86.79755814537643,313
1G6H_A,80.8422587512249,257
1GY7_A,85.27450498243893,125
3EEH_A,27.888291449997432,125
2EJQ_A,27.638777107534988,130
3D7R_A,182.63075945743643,326
3OCU_A,28.442420783048693,262
2C5S_A,43.222494143674766,413
1PSW_A,82.75575689944476,348
2Q7V_A,146.00448075316046,325
2QYB_A,39.96129502406047,181
5WWD_A,96.87082481325324,149
1LY1_A,44.60105828340848,181
3K7Y_A,120.06150090682692,405
2CYE_A,159.5390403631663,133
1KNX_A,206.7014542764516,312
1Q0R_A,98.18983501361024,298
3K1H_A,3.45,158
4H8E_A,44.27487775251334,256
2JC4_A,67.8762167478418,256
2YMV_A,49.3038101975902,330
1NNF_A,44.20631629077456,309
2CVE_A,38.75254830330516,191
3LXX_A,50.54147999415925,239
1YZF_A,46.59643226685923,195
3GRF_A,43.099438511423784,328
3EF8_A,98.16093316589853,150
2QNI_A,54.3745344807659,219
1RYB_A,32.53671157323677,205
3M92_A,5.028021479667723,107
1BRT_A,74.58453257881288,277
2A5L_A,118.78187572184572,200
2R0C_A,164.54168012999017,549
3HPD_A,79.43339851724839,265
1E5K_A,57.73161352326817,201
2QRU_A,67.55397841726274,274
6CAF_A,59.51225756094286,324
1VFJ_A,75.71657678474378,116
3VCX_A,69.59785054152175,164
5DAE_A,26.605450569385212,65
2BGH_A,194.88169488179233,421
1GA6_A,109.38491669329916,372
3IP0_A,34.68810747215824,158
1QYI_A,27.041634565979916,384
2FUJ_A,38.49043517550821,137
3KA7_A,103.0,425
1JBW_A,105.86702508335637,428
2IVN_A,62.006048092101466,330
1DCF_A,36.28014195121072,136
2WCU_A,37.10070080200642,149
2R55_A,113.16423463267888,231
3BJE_A,131.93953615198137,349
3IFR_A,253.8248072982623,508
5MSO_A,87.86862750720533,1174
2ZSJ_A,369.08259075713664,352
3FPW_A,28.525322084071195,192
2OLN_A,103.5213383800654,397
3K6R_A,58.20483227361797,278
3GZG_A,151.68968323521543,253
1DYS_A,62.48215745314818,348
2QTD_A,15.15,105
3L5A_A,102.82551482973474,419
1MK0_A,27.36706780055182,97
2E3U_A,36.48225321988761,219
4EKF_A,10.106770008266736,204
3BY5_A,22.73383601594768,155
2XWV_A,112.18019343894892,312
2OYR_A,37.17967455478867,258
1CFZ_A,209.60070610568084,162
1IUJ_A,69.03357878597922,106
2FFM_A,8.83246851112417,91
2IIH_A,13.058636988598773,157
2IYV_A,42.48198088601802,184
2I1O_A,55.423968641734774,398
1TOA_A,134.4520449825885,313
1AC5_A,96.23706822217726,483
2CVC_A,23.97915761656359,545
1H6D_A,1433.4537376560152,433
2FIA_A,101.75985062882118,162
1NZA_A,18.25164650106943,103
1IMJ_A,23.98773019691526,210
1BLE_A,26.650242025167422,163
3A9B_A,33.867140416633944,395
2YYU_A,95.98638028387153,246
1KTG_A,96.5031641968283,138
2QV6_A,67.61869563959364,268
3KWR_A,38.40025390541058,97
2FCK_A,62.94565513202639,181
3ACD_A,49.66249288950364,181
7A3H_A,52.820450584977024,303
1CKE_A,61.48,227
4H27_A,86.34977591169535,364
3AGN_A,14.329577802573253,114
3B64_A,28.044764217229567,112
1S3C_A,29.72610973538246,141
1DXY_A,117.27774724985127,333
1EU8_A,121.89633013343756,409
3DEF_A,72.01101026926369,262
1JG1_A,67.61399633212046,235
3MQZ_A,13.0262888037998,215
2YWJ_A,28.178360491696463,186
1SEI_A,37.856571424258696,130
4MNK_A,107.33570701309048,348
1RHC_A,87.24740683825509,330
2ZVS_A,66.87478598096595,85
5EPF_A,54.90267388752574,162
3BQX_A,37.88521611394081,150
1ZGD_A,140.06382545111353,312
2WNR_A,322.4196501455828,271
1OI7_A,72.19660656845308,288
3W0T_A,215.9380698255868,187
1MB3_A,35.275063430134324,124
3ETF_A,524.756276760936,462
3C5H_A,77.32946656999516,255
3G9X_A,83.62220040156801,299
3LHI_A,47.290153309119226,232
3DGB_A,91.10297635094037,382
4U98_A,113.82725376639812,454
2P18_A,78.9869172711532,311
2FO3_A,27.228191273017018,125
3I99_A,59.56885092059441,357
1Q1R_A,314.25894609382243,431
2QZU_A,132.7309308337736,491
3A7R_A,76.10531518888808,337
2O55_A,61.30166718776904,258
1KQ6_A,37.34432219226907,141
2OPJ_A,49.7258081885051,327
2QQZ_A,55.12564920252641,126
3C26_A,60.15604707757982,266
3LWD_A,46.83095130359835,226
4L8A_A,49.77487317914533,162
5JK4_A,0.0,373
2YVA_A,121.51338856274234,196
1ZI8_A,34.95,236
1MG7_A,22.230811950983707,417
1J6R_A,57.90593751939433,214
1VMB_A,24.633249887093665,140
3AAM_A,72.13013170652054,270
2PL1_A,33.25764874431144,121
1UEK_A,46.57343448791381,275
1UXO_A,28.80055555019729,192
2BJF_A,68.4817493935428,329
2Z84_A,12.773801313626262,218
1Z41_A,170.2913526870933,338
2C2X_A,90.64391871493643,281
3GT7_A,38.57472747797449,154
1WNA_A,3.012872383623309,131
2JHE_A,236.76080249906235,190
3HJH_A,70.80030508408845,483
1VE1_A,67.93322015038004,304
1DEU_A,140.38698515175827,277
2NXF_A,91.99504062719905,322
1XWY_A,51.34588591114189,264
2FCR_A,41.84311771366947,173
3LQK_A,37.0,201
3DO8_A,60.34112030779674,148
3DLU_A,35.38086347165653,106
3KB6_A,445.2966849191671,334
2OBX_A,179.55843310744277,157
3DBO_B,51.474265414865314,150
1VJO_A,114.1305112579454,393
2EBN_A,72.99561630673448,289
2X3E_A,117.50529349778246,331
2FRE_A,72.06780140950603,200
6FF2_A,43.00544151616165,68
2VXN_A,42.25670124370808,251
1X7O_A,138.9021180544055,287
2EBB_A,18.76302747426438,101
3B9O_A,277.525640617223,440
2Q4Q_A,532.0114284486754,122
1SU1_A,88.44789652671227,208
3JS6_A,79.81381459371555,355
3E5D_A,34.82880991363328,127
1L8N_A,80.7990996236963,679
2CXA_A,22.64576119277071,256
1XTZ_A,33.63999405469627,264
3DR5_A,66.98502892437982,221
3B21_A,1.92,220
5KB6_A,257.41001689910985,363
2YKF_A,56.09981729025506,305
3AB1_A,198.4758010438552,360
2D4P_A,19.39295232810105,141
3ENC_A,22.60654772405552,87
1U20_A,119.33759843402244,212
1TIF_A,10.606601717798211,78
2YX1_A,78.56287482010825,336
1RY6_A,86.09523331753041,360
1WU7_A,201.86542943258016,434
4ZAV_A,38.81364708449851,209
1CS1_A,455.23863983629514,386
2HBO_A,46.21593015400642,158
1C7K_A,27.084135577861815,132
3HG7_A,97.98157990153044,324
3GNN_A,63.902816839322504,298
2PIM_A,43.75514026945864,141
3GOH_A,61.44989829120957,315
3KUV_A,85.78799449806483,139
2QIK_A,28.81020652477174,285
4LTT_A,26.56202552517409,93
1I2K_A,71.22152834642064,269
3HHP_A,366.0635573230419,312
3SNF_A,0.0,104
2OTD_A,221.1234406389336,247
3I44_A,147.79014310839543,497
2PUL_A,216.98214212234151,397
2B1M_A,54.883399129427104,246
1E44_B,8.442748367682174,96
3CWN_A,83.60574142964106,337
1I60_A,83.61511825023031,278
1Q42_A,16.13673758849663,201
3HFT_A,33.968282264489034,257
1E19_A,174.94432142827617,314
3IA7_A,185.91638550703377,402
3H04_A,65.39323512413192,275
2VPN_A,214.2759342530094,316
1TWU_A,38.065296531092464,139
1J8B_A,20.44309174268902,112
1OZ7_A,59.35127294338345,131
3BL4_A,62.46764282410534,124
3DXP_A,122.91374536641536,359
3JU0_A,24.51662701107149,108
1RI5_A,80.52178835569912,298
1TZF_A,67.26812023536856,259
5B5L_A,45.96145885413125,207
2QYV_A,211.20921192031375,487
5LJP_A,46.131221531626494,169
2Z51_A,11.105097928429084,154
3I9X_A,60.82610377132502,187
2IVY_A,15.82826269683442,101
2VOU_A,288.46389358115516,397
3ALF_A,105.38138735089797,353
2ISN_A,171.88942026779893,364
2B8T_A,221.57975629556057,223
1DZ3_A,38.26355968803739,130
1G3Q_A,77.59714427735082,237
3EJV_A,50.5042730865419,179
3RHB_A,33.823069050575526,113
1K66_A,91.3164585384256,149
1YT8_A,53.64023303454227,539
2DFJ_A,105.8613753925387,280
2F9F_A,46.44785032700652,177
2H6L_A,81.68463441798586,146
4XFE_A,104.83572673473483,341
2IY9_A,76.44237829895143,347
3D6L_A,48.81299314731683,137
4GXW_A,157.89303214518364,380
1TLJ_A,28.711464609106933,213
2I4A_A,28.631248662955656,107
3GA2_A,28.03266665873941,246
3KO8_A,96.10141674293882,312
1TIS_A,31.06755220483262,286
1P3D_A,225.710411811241,475
1THG_A,0.0,544
4IHM_A,87.74668198855156,326
3CWV_A,99.6578145455739,369
3GY9_A,37.6333469146713,150
4KEF_A,27.89831536132603,143
1QNA_A,38.94545929887077,200
1Q8B_A,27.63303095934284,105
2BBE_A,34.302950310432486,108
2PLG_A,41.91770628266771,163
3LV9_A,39.86537344613744,148
2F6R_A,73.77946868878902,281
5C17_A,20.6,209
2ZPU_A,76.75911607099187,323
3PL8_A,69.82149812199677,623
2F1F_A,42.34280812605607,164
3GAX_A,55.06083181354964,120
2GAX_A,37.65386035986217,135
2HX0_A,26.246999828551836,154
3KHY_A,123.4849723650615,384
2EBJ_A,52.37061771642568,192
3LZW_A,84.58563766976047,332
4PVK_A,102.54940272863612,500
2R85_A,192.6941241968732,334
6JL3_A,24.48718031950596,79
1O98_A,58.92100983520225,511
3CTZ_A,113.43406983794596,623
1VL1_A,29.328900422620688,232
3LBE_A,187.5465752819816,163
2DTJ_A,85.77129589787017,178
2FSJ_A,71.31996354457846,346
4X9X_A,51.34141408259028,299
3IDF_A,76.87749800819482,138
2X5X_A,43.79736978404068,342
3AJD_A,67.58500425390235,274
3EOQ_A,240.52880908531515,406
3LXD_A,152.10181557101808,415
2V3A_A,132.85923979911976,384
3OQP_A,118.82136339901172,211
4R75_A,85.2097600043563,321
2PCQ_A,69.9171996006705,283
2PWA_A,49.59612484862098,279
2GFF_A,64.31909047864404,106
2B69_A,110.71502879013308,343
1S7I_A,36.72179734163348,124
2YIM_A,296.1644813275218,360
3M7K_A,23.761144753567745,142
2J5A_A,24.836593969383163,110
1NRW_A,95.5549543456539,288
1GEF_A,96.9348884561178,123
5SV2_A,41.85,146
3KZV_A,108.90726008857264,254
3H7A_A,329.03542392879217,252
2J7J_A,29.48164683324186,85
2P25_A,35.22183981565983,126
1NQK_A,98.30986725654756,381
1VPL_A,75.22456779536854,256
1K4M_A,181.18777111052495,213
1HSK_A,73.6607894337279,326
1AQ0_A,126.46354731700356,306
1TUH_A,40.20654424344375,156
2CXH_A,19.789201600873135,217
2IW0_A,63.32034428207099,254
1KO7_A,59.84251331620355,314
1J1I_A,66.83146265046128,296
2E3Z_A,265.0801297721125,465
5YOB_A,34.96059496061244,148
3DHA_A,71.43679444096018,254
3L8W_A,0.0,296
3LZD_A,67.7,378
3E1T_A,143.67932662704123,512
4IIY_A,110.6251616947971,371
3IWL_A,21.649609696250877,68
3G27_A,6.740919818541088,96
1I1Q_A,165.61879482715722,520
1YBF_A,179.60581839127593,268
1AKY_A,72.2695482205334,220
6FM7_A,109.03135695752852,382
3H7U_A,69.4156178392154,335
3FLK_A,164.58597267082027,364
4E4U_A,93.03977482775848,412
1U8S_A,84.85351377521145,192
2GN4_A,208.7894556724549,344
2R6J_A,193.19741199094776,318
5AJG_A,71.9257749349981,329
2CZ4_A,63.93382203497614,119
3H0U_A,297.47470010069765,289
3C4A_A,74.28688780666478,381
2I7X_A,32.33889608505522,717
3EIP_A,5.571929647797072,84
2HX5_A,47.3138520942863,152
1V4V_A,242.97466802117455,376
1CJC_A,118.91092254288502,460
3HDT_A,96.77499677086018,223
2YZ2_A,153.41,266
1XFS_A,105.61146907414933,178
3H9M_A,92.61986827889577,436
1FCQ_A,26.82817176029705,350
1KKH_A,78.99599293635089,317
1M4L_A,83.28701219277829,307
4LOW_A,27.71,89
3FSD_A,35.12947480393068,134
2ZBW_A,167.61270924366087,335
1XFK_A,66.40024096341818,336
3FIJ_A,567.6526332185908,254
1EG2_A,47.38480769191746,319
3L5L_A,94.71070478039957,363
3A27_A,55.273101052862955,272
1NOX_A,44.53245894850182,205
1EGA_A,167.6206207481645,301
3E48_A,141.1792339545728,289
3IVR_A,254.4092382363502,509
2YW8_A,16.379380330159012,82
2XGR_A,14.873173837483378,252
1TKJ_A,64.90317480678429,284
1W32_A,185.0372286865538,348
3AJ3_A,84.76701776044736,274
2CC6_A,5.316239272267568,68
3DD6_A,50.50660154870846,255
3CRY_A,91.88379400090096,188
4EGU_A,74.850683363614,119
1R6X_A,39.741132344209824,395
2QPQ_A,324.31473309117484,301
1RD5_A,163.43577056446364,262
2WCW_A,117.6301032899317,139
2VCL_A,7.445898199680143,233
1MZU_A,24.17646376126997,129
1PYF_A,80.69575081749969,312
4H89_A,46.07453852183438,173
3DON_A,62.91846151965255,277
1GA8_A,86.25296110859036,311
3HLU_A,25.4952387711902,96
1JYH_A,43.62086656635789,157
2ITM_A,234.30138860023857,484
3L76_A,143.73146210903164,600
2YOG_A,114.91470532529767,210
1K0E_A,215.4559910979502,453
3L7Y_A,87.3760401940944,304
1PS9_A,89.5225658702877,671
3GDG_A,403.30259409034306,267
1ZJR_A,52.750405685643784,211
3LHH_A,34.74493919983168,172
3A9S_A,248.63893942824,595
3ZTP_A,56.11729145281336,142
2V1M_A,57.48147179744096,169
1ABA_A,29.541592712648384,87
1I1W_A,0.0,303
2DR1_A,211.2651355524617,386
2NQ5_A,43.52076286096096,755
1RTQ_A,79.32085665195504,299
1C3P_A,72.80183514170504,375
3HI2_B,25.36,101
3G6S_A,71.54272569590846,267
6TM3_A,57.655318922021415,303
3FS2_A,79.19593171369347,298
2F20_A,94.69758867046194,240
3DG6_A,85.05071428271486,367
4N6K_A,104.9596203308682,351
1I7H_A,100.47994824839432,111
1CYD_A,313.8171798993802,244
1M2K_A,41.44185927296216,249
2H92_A,191.5714216682645,219
3DX5_A,80.54377070885123,286
1MKY_A,55.281099844341014,439
1O6D_A,21.352983398110904,163
3DCI_A,162.50146830105876,232
2HBA_A,13.23703894381217,52
1DBW_A,68.09846988002006,126
1W1O_A,70.88552673148448,534
2P7S_A,7.2131823767322,114
3TG2_A,54.66239566649087,223
3L0G_A,135.19663346400307,300
2WFB_A,34.882660448996724,120
3LOR_A,194.7,160
1CC8_A,21.527879598325516,73
5TAB_A,13.94212322424386,53
3FK9_A,93.61799826956354,188
3M33_A,121.3475895928716,226
1S7J_A,65.77537533150229,262
2ZFI_A,92.4718281424132,366
1TKE_A,52.91333291335936,224
3LLB_A,22.53489294405456,83
2P5Y_A,104.3125711503652,311
3IPR_A,238.95565111543183,150
1RV9_A,38.56845343023233,259
2A97_A,29.3345939123077,439
1ZN6_A,41.76167501429989,227
6JK4_A,31.67590882674087,136
3L7N_A,65.64523745101391,236
1ZJC_A,63.98168487934653,418
3M89_A,61.756894351966885,427
2DKH_A,165.6662572764895,639
4AF8_A,99.76586189674305,367
3DJE_A,223.97068267967575,438
2RJN_A,37.89630588856914,154
3HBM_A,49.962718100599766,282
2ZT5_A,92.4086576030623,693
2CJG_A,152.06345714865225,449
3AJR_A,188.3540888858004,317
4ODK_A,27.146830385884833,158
3LQ0_A,59.07808392288972,235
3IP4_A,282.5764448781958,485
2EI9_A,25.13930786636736,240
1OB8_A,56.88011515459512,135
3R87_A,45.362698332440495,135
6FUC_A,82.86844996740315,272
2OOK_A,73.66548106134921,127
3V7N_A,121.9711178927208,487
1JWQ_A,42.99727549508224,179
3BN0_A,13.231968863324914,112
2W56_A,19.18,147
2Z04_A,167.62311654422848,365
2QVG_A,37.90485457035813,143
1FXD_A,15.599682689080572,58
2ETJ_A,26.621066845639376,250
4YCB_A,29.830072075005113,183
6HPF_A,25.7281791038542,312
1VLI_A,54.67174773134658,385
4Q2L_A,2.56,70
1TP6_A,37.65271304965952,128
3LLH_A,36.97580289865252,90
1IUK_A,36.694806171991154,140
3CG4_A,34.73495645599689,142
1XHF_A,68.10163874680255,123
3IS3_A,114.07453703609757,270
4R9F_A,108.01104943476848,447
1U83_A,16.538122626223327,276
2V03_A,56.39897871415757,303
1SNN_A,63.017226216329135,227
2WVL_A,157.74861235522803,391
5Y4T_A,34.0105939377718,122
3KRS_A,84.95243610397524,271
2PX7_A,79.56987495277343,236
1UP9_A,9.980295586805031,107
1ORR_A,461.53181537137834,347
1T1G_A,98.67676322214872,364
3HV2_A,72.98103452267583,153
3CT6_A,46.36827794947749,131
2NWV_A,9.48384415730246,114
1T71_A,57.86144139234694,281
1FIT_A,39.48577465366483,147
2NSC_A,16.267359957903434,109
1Z54_A,177.17267509410132,132
1TQX_A,133.33463166034548,227
1JIX_A,110.77373154317768,351
3DQP_A,38.98540111375026,219
6JPT_A,8.899438184514795,122
2VEF_A,106.27562655660986,314
1JTV_A,117.74867133008338,327
4ONM_A,71.96041967637488,153
3BIJ_A,196.61403815597703,285
3CWQ_A,76.6453971220712,209
1RTT_A,59.568004834810445,193
1GMX_A,28.850343152205316,108
2B67_A,200.04860209459105,204
2Z72_A,90.37945563013754,342
1XM8_A,120.75022153188787,254
3KZP_A,153.08294222414202,235
1GXU_A,23.21599448656034,91
1WLY_A,79.26695654558713,333
3EJF_A,36.40664225110577,176
2BI0_A,45.07383941933503,337
1LC5_A,90.29849112803602,364
2A4K_A,154.9614035816661,263
1R0M_A,339.8522031707313,375
1YD7_A,45.15704596184299,395
3I33_A,109.80619290367916,404
2GO8_A,24.94,122
3OJ7_A,34.45158777182846,117
1IM5_A,44.92864342487986,180
1NN5_A,56.93756580676768,215
2HC9_A,65.96970668420468,491
1GTV_A,138.1596062530579,214
3GWB_A,246.2459161082677,434
1G5T_A,40.02730318170336,196
1NPY_A,219.80901141672967,271
2WOL_A,156.90004620776884,562
3HM2_A,392.5410141628515,178
2HXT_A,99.6311256586013,441
2IRU_A,66.72489190699375,303
4QUS_A,75.02876381761865,149
1JU2_A,107.28046606908454,536
2BL9_A,37.72277826459763,238
4E2B_A,93.12925856034718,382
1YQS_A,109.26210459258051,349
1NWZ_A,9.013878188659971,125
1DL5_A,160.3877607549903,317
2F3O_A,193.71324477175017,776
1UQW_A,276.0837959750626,509
1NM8_A,81.24906707156704,616
1V9C_A,38.75031870836677,218
3DC4_A,67.8722800559993,344
2FCL_A,37.91692498080508,169
2XIO_A,53.2260932250339,301
1R53_A,29.12731879181467,382
3G13_A,84.82470159098705,169
4O6U_A,8.728413372429149,184
2AZW_A,51.78371172482714,148
1YE8_A,53.815289648946425,178
1WD5_A,53.731903930532745,208
2GJL_A,63.15922735436208,328
3E0H_A,41.74659866384326,158
2EKN_A,38.171095085155734,159
2WP4_A,38.20216224247,147
3LTO_A,174.9357722136899,323
1UK8_A,68.23605645111681,282
1WR2_A,76.97819496454822,238
3DSD_A,199.8,349
2ZKT_A,95.65526697469409,412
5M17_A,46.036261794372486,385
1L3K_A,43.82851469078093,196
3LG3_A,62.60133784512916,435
1V3Y_A,64.78591667947595,192
2YVU_A,94.05228226895932,186
1D1Q_A,86.11671266368683,161
1P4C_A,63.93101907525017,380
1Z3A_A,86.63376939738914,168
1YPX_A,67.33930872826063,375
1XX6_A,101.33403919710298,191
2PQ6_A,107.69547762092893,482
2O0Q_A,13.774672409897812,115
1LZL_A,111.17619799219617,323
2H1C_A,50.51060086754067,139
1QE0_A,176.89579305342454,420
2O1B_A,113.86738865891324,404
2OLS_A,80.73258326103532,794
2YWR_A,62.099637680102454,216
3FRY_A,43.18469057432275,73
2W0M_A,58.7857125499045,235
1U79_A,175.66836653193997,129
2OG5_A,64.55578982554547,357
1SNY_A,75.44493356084291,267
2DRH_A,116.51896497995509,361
3BS4_A,65.56774816935534,260
3CDX_A,326.4638405704374,354
1VE4_A,22.562194042246865,206
1LAM_A,77.74191147637161,484
3CZP_A,98.64788289669475,500
2EO4_A,47.95856127950462,149
2AZ4_A,139.8335689310689,429
1OCS_A,37.874189100230254,162
2GM5_A,98.12206122987835,139
2NRH_A,47.88752447141113,219
1F7L_A,34.523823658453594,121
3BZM_A,101.7010530918928,431
4DXK_A,81.87977528059051,400
4RUW_A,108.50141519814385,440
1URR_A,26.33331160336656,102
5KO5_A,80.1944306046249,287
1TF1_A,220.19600359679555,198
2PEB_A,15.328065761863106,122
1NW1_A,236.39298805167635,429
3FCE_A,156.8438714135812,512
2QQ4_A,258.66493326309234,138
2VP8_A,96.34497495977672,318
3KVT_A,28.226510588452125,115
2IMJ_A,183.99521950311643,166
2OB9_A,21.994781199184494,130
1BYR_A,40.10035411314968,155
1UKU_A,18.331644770723656,102
1OSD_A,42.302680766116936,72
1U6T_A,34.36607920610089,121
3IO3_A,66.77926324840669,348
3FCH_A,34.13572908259028,281
2WZB_A,41.89352575279384,416
1O4W_A,14.281670070408431,147
1P1L_A,18.103204136284827,102
1SQS_A,138.61199948056444,242
2Q49_A,1209.371406971407,359
2VEZ_A,57.25925602031518,190
1B6G_A,65.11851349654721,310
1B77_A,35.541682571313366,228
3EL6_A,60.04958867469451,313
1ZSY_A,94.90307265837076,357
3H79_A,36.47512851245352,127
2NVM_A,17.820858565175808,126
1T0I_A,108.17684225378368,191
3KJH_A,85.19418994274197,254
2DVZ_A,98.72018638556148,314
4MJE_A,29.432648538655165,99
3EYE_A,25.326006396587676,168
2VIM_A,28.952374686716112,104
3JU8_A,317.8165508591395,490
2JAY_A,50.80704380300039,291
2DPW_A,54.62502082379466,232
2W3Z_A,81.3389156554229,311
3DMG_A,53.763007728362815,381
2OO3_A,29.37,283
1QE3_A,88.97544998481322,489
1JL1_A,43.153011482398306,155
4PLZ_A,63.84997102583524,322
2Q3M_A,1172.668980403251,326
1ZGZ_A,134.6283268855407,122
2OT9_A,14.406220878495512,180
2AKO_A,230.07317444673987,251
1W8I_A,56.257415511201714,156
2P65_A,54.44157418737999,187
4IQB_A,63.88149027691825,315
3G5J_A,79.6045915761145,134
1QXY_A,64.30759441932189,252
2IMP_A,151.7984822058508,479
1GS5_A,62.02740684568394,258
1VI4_A,26.010397920831583,174
3C3M_A,33.97855941619656,138
3E3U_A,37.03310951027472,197
2O0R_A,251.24372569280212,411
2EIS_A,76.65062817746505,133
1O5I_A,269.65898464542215,249
2EBE_A,2.998132752230962,106
3A10_A,32.906096699547945,116
3KRE_A,21.72140879409068,263
3KH5_A,86.3591685925704,280
3LUY_A,58.13088679867184,329
2OZE_A,98.09312310248868,298
1UOC_A,143.55480451729926,289
3G12_A,55.88363982419184,128
1KJN_A,11.84,157
1SAZ_A,96.24635421666628,381
3HQ1_A,126.91119808748162,644
3EBY_A,48.43782509568324,163
3CGX_A,61.67875241928941,242
1C44_A,36.75621988181048,123
2FGC_A,21.045550598641984,193
1TIQ_A,96.00666539360692,180
1OKG_A,56.59398731314131,373
2Q1S_A,130.69493027657958,377
1IY8_A,813.6454500579476,267
1J98_A,8.23930215491579,157
1H75_A,19.76,81
2YWX_A,15.57730721273738,157
4X9T_A,90.51577044913223,317
1VJG_A,43.634848458542855,218
2ACV_A,207.89827945416,463
1EHY_A,342.69672189853236,294
2AMH_A,30.770480984216025,207
2VYO_A,60.72634024869274,254
3LUU_A,16.018398796384112,101
2FIY_A,60.69673796836202,309
3BJV_A,47.54802204087989,161
1HC7_A,301.56430558008685,477
2CVH_A,120.89995864349996,220
3JYO_A,70.5,283
1V0L_A,58.637793273621746,313
1TUO_A,89.98380743222639,464
1QLW_A,115.5281242814926,328
1ZD1_A,118.72959529957136,284
3ILH_A,39.498984797080546,146
3KG0_A,93.8042898805806,128
3FSG_A,262.9426701773602,272
1YWF_A,50.66734846032502,296
2Z61_A,89.52092213555443,370
1SGJ_A,135.26820358088594,284
2XMJ_A,44.458542486230925,64
1NFP_A,55.69601242458924,228
3DH0_A,120.36792596036535,219
1RKI_A,3.96,102
3DRN_A,106.04458119111982,161
3CSV_A,116.92,333
3EXQ_A,58.61800576614664,161
1V77_A,34.75339407885221,212
3BZB_A,112.33860066780252,281
2Q48_A,566.9692055129626,166
1MTZ_A,75.90026350415391,293
5HC0_A,122.19529778187048,365
3D03_A,476.3651171108145,274
1J6X_A,15.398272630395915,160
2ZEQ_A,25.74,78
1ZH2_A,68.22081793704909,121
1UAR_A,56.93866436789679,285
1BYF_A,65.59487479978904,125
1VJ0_A,416.2626975841097,380
2GKG_A,34.07274570679621,127
5FSV_A,52.03217466145347,266
2ZPO_A,12.07718096245974,119
1P99_A,87.18613708612168,295
2QN0_A,14.860995928940966,430
2F4E_A,69.42070008290034,180
2P6W_A,33.78651210172486,213
1S68_A,51.26,249
2O0M_A,58.62118388432633,345
3ALJ_A,89.09649993125431,379
2VAP_A,54.94408521397004,364
2CX7_A,70.89859801152629,130
1L1Q_A,48.90350703170479,186
1YM3_A,40.06784121961152,215
2YC2_C,187.074785045981,208
3C8M_A,62.29735146858171,331
5HGZ_A,72.56404068131819,243
4J4Z_A,38.9296801939086,167
1IQ4_A,43.108908592076425,179
1YSJ_A,158.47426100158978,404
3BA1_A,97.72126892340276,333
3AB8_A,133.33936215536656,268
3AHC_A,120.3,845
1P77_A,59.845425890371935,272
2PPI_A,31.599617086287612,144
1G60_A,80.17367148883729,260
2JBA_A,71.6362813105203,127
2VZY_A,257.84433249540314,218
2P51_A,59.09181415390798,333
3QJA_A,67.4438447895729,272
1OJQ_A,37.26619916224353,212
3KXQ_A,79.73914220757582,275
4PSS_A,22.3445742854949,159
2PLR_A,131.38771327639432,213
2XU3_A,46.56522307473679,220
3F08_A,80.68438510641325,146
2B5W_A,100.91171933923236,357
1AOE_A,85.00202350532604,192
3IO1_A,212.82577287537333,445
4DI9_A,59.90399151976436,303
1PJA_A,72.31035333892375,302
2RK3_A,50.73182827377701,197
3EXN_A,41.82072213628072,160
1YQB_A,25.519968652018363,100
3HP4_A,34.1946954950618,185
1MO9_A,320.25455125571597,523
3BVP_A,79.17690067184999,138
2JDJ_A,49.52090871541029,105
2PBF_A,147.1459629075837,227
1L5X_A,57.10324334046184,280
3G0M_A,19.221175822514084,141
2AEU_A,93.7417388360169,374
2E5A_A,67.10309679888104,347
3EJ9_B,110.52660856101576,70
3CAW_A,58.26752097009105,330
1GTK_A,36.36579161794776,313
2ZYO_A,88.80073197896515,397
1ZNW_A,46.86279121008479,207
1PF5_A,37.22633476451852,131
2Q0X_A,176.7835068664495,335
2VAT_A,1468.943836571024,444
1V37_A,61.85179787201016,177
1HDO_A,46.20465344529705,206
3LMC_A,26.88970806832979,210
1SJY_A,55.21548695791788,159
4CP6_A,123.97234570661313,445
1MGP_A,52.77101477136857,313
1EDZ_A,61.30488235042948,320
3G8R_A,101.79262596082292,350
3LPM_A,147.49613418662878,259
4YZZ_A,240.98485927543248,367
3KD8_A,98.33442123691988,399
1H8U_A,76.2999678899015,117
2WQF_A,50.44961843265021,202
2XF4_A,60.3909761471033,210
1XVX_A,50.53151887683568,312
2PJS_A,48.44800099075296,119
2WZV_A,116.50838424765831,235
1WQA_A,373.8760222319694,455
3JUM_A,107.93060270377444,185
3D8P_A,86.52024965289918,163
2NX8_A,46.033209751222,179
3IJ3_A,64.62955980045044,482
4FKB_A,79.68817729123938,388
1A8Q_A,72.8036098006136,274
1JYK_A,57.11204513935743,254
4N02_A,46.36127694531288,357
4JBD_A,63.64505322489722,330
1E6U_A,98.35871847477476,321
1J99_A,69.44946940042091,293
6MM2_A,24.06738664666357,104
2QGZ_A,41.770526690478775,308
2OGT_A,101.86,498
1ODK_A,372.3963136230003,235
2Z0X_A,41.80447464088025,158
2HQ1_A,68.75906340257988,247
3H49_A,169.26394536344708,325
1B9H_A,110.09488271486556,388
1ZCE_A,14.378271801576156,155
1UXT_A,164.594376574657,501
2A15_A,41.208542803646914,139
3EEI_A,118.6899490268658,233
5FEW_A,127.69228324374184,358
3IX9_A,62.81734792236934,190
1JH6_A,86.42631543690847,189
2CXI_A,98.60180829984814,348
2AWF_A,30.181133179521275,172
1RYL_A,37.726213698170135,167
3IM8_A,85.34551833576265,307
1A8L_A,52.22507443747687,226
3AOT_A,38.88920544315607,227
1G66_A,37.02928570739652,207
1WV9_A,42.09002257067582,94
2XDQ_A,164.57747415730984,460
2O8R_A,144.62948662012184,705
3LUF_A,113.92054775149214,259
2QRY_A,193.61733419299009,330
2GGS_A,114.26933446905169,273
4AWE_A,107.76307345282984,387
3BW2_A,67.90923869400982,369
3GA7_A,87.70304897778641,326
3E39_A,59.11154963287631,178
2G3W_A,29.98922473155984,182
3M3P_A,61.90221966941088,250
3KOL_A,43.779483779505675,156
2E8B_A,51.16847173797552,201
1AZO_A,20.771673018801348,232
1Q8F_A,206.5208328474394,313
3JU1_A,117.06282373153316,407
3EW7_A,36.28583883555677,221
3HBF_A,102.08242698917384,454
2FPR_A,121.6497398270954,176
1NPI_A,4.046282244233588,61
5O37_A,81.20414275146311,273
4XDU_A,81.83733866640583,340
2X3G_A,1.5839191898578664,119
1LLD_A,170.6352448938964,319
3KNV_A,28.52963722166828,141
2JG5_A,157.93869190290263,306
2I1S_A,74.70306084759848,188
2GQT_A,58.13001462239623,268
2D4R_A,171.82785717106526,147
3GEM_A,305.9883041882483,260
3LN6_A,79.6778733400936,750
1DM9_A,33.34401295585161,133
1WDE_A,81.17632167079265,294
1THM_A,51.21759170441344,279
2HA8_A,85.03006644711033,184
4CNG_A,86.3595460849581,255
1HQS_A,108.41376296393368,423
1VAJ_A,30.015700891366837,214
1S7K_A,58.75815858244709,182
3EKI_A,98.14360651616587,403
1SZ2_A,162.44769835242357,332
2AE6_A,172.3248676192731,166
3FOJ_A,25.38106380749239,100
3DIP_A,180.28244506884192,410
2H6R_A,496.0909694803968,219
3VK5_A,116.69762208374256,286
3L86_A,61.00450803014479,279
5IGI_A,86.27282306729043,301
3EJG_A,34.13546542820238,193
3A32_A,79.73089112759244,471
2YXB_A,44.301137682908326,161
3G5O_B,93.39615409640808,102
3GA4_A,52.76398771889782,178
2QIP_A,33.6761042877587,165
2BMX_A,163.67835593015957,195
2EW0_A,27.89541180911298,192
1UUY_A,41.6738167198542,167
1XTE_A,31.190844810617104,154
1VCC_A,3.6927902729507935,77
1VGJ_A,54.72070357734813,184
3GFO_A,81.29455639832227,275
3GHF_A,16.744796206583104,120
2FSQ_A,27.616574733301015,243
3ASA_A,114.37776707035331,400
2P5X_A,66.67141441427503,230
1VBK_A,39.54135430154106,307
3KV1_A,51.989752836496535,267
2EB0_A,141.85204228350048,307
2G2C_A,39.88420740092499,167
3EBV_A,73.21782569839124,302
1SXR_A,81.43872788790355,183
3GEK_A,167.15647728999318,146
2GAG_A,111.84062142173566,965
3EVT_A,100.0200479903904,324
5XVT_A,88.26770360669863,697
1P9G_A,0.4,41
2CUY_A,160.34996102275795,305
2F5X_A,303.30359443963073,312
1THX_A,30.24,115
3BHN_A,59.7434515239955,236
2PGF_A,68.31727453580098,371
2RK0_A,74.28428905226193,136
3K3V_A,12.058507370317438,100
1LXJ_A,15.646852718677964,104
6F9O_A,91.1942712016495,309
1UDH_A,25.59293652553376,244
1IXK_A,68.08501156642335,315
4W5Z_A,94.44643720119886,345
3ETC_A,472.5824575669308,580
1J32_A,230.46024212431956,388
2QMW_A,92.6121217767955,267
4TVV_A,125.42846566868305,314
1Y0H_A,67.21959610113704,102
3CWX_A,3.66,176
6H17_A,48.90179751297491,201
2J89_A,23.86907622845928,261
4S39_A,30.199337741083,406
4REO_A,38.27832284727219,229
1H16_A,65.29164877685353,759
1W23_A,170.27806552812373,360
4BK7_A,50.83028821480359,159
1V30_A,19.099968586361605,124
2PZZ_A,36.864378470279405,147
2E7Y_A,126.06576973944988,280
2HY7_A,88.89615964708486,406
1OHL_A,22.15505359957407,342
1ZZG_A,146.60723038104226,415
3ABF_A,112.17158285412576,64
2EJA_A,193.07008235353297,338
3FUY_A,4.6,179
1WL4_A,96.58529701771384,397
2WNY_A,31.602034744617317,141
3HU5_A,100.63336226123025,204
1QNR_A,94.14545342181958,344
2DFA_A,29.74273860961697,250
2Q4W_A,1217.0066570072654,524
3W07_A,39.876559530631525,252
2QGY_A,189.84115438966336,391
1KVK_A,98.85982803950247,395
3JTZ_A,17.50797818138919,88
1DZF_A,18.51517485739738,215
2D1Y_A,358.1126498743098,256
1IXH_A,84.38088112836935,321
2ZQE_A,15.7987341265052,83
2BNG_A,113.90733734048918,149
5L4L_A,69.66660031894767,304
3GK7_A,118.2650836045872,448
2P6Y_A,22.645511696581288,142
1UAN_A,93.95010271415352,227
1WDD_A,107.14061974806754,477
3G5S_A,54.854261457064574,443
2IAF_A,15.91839187857869,151
1PTF_A,21.802137509886503,88
1VKK_A,26.35247616448974,154
2QOR_A,57.34342856858142,204
3GO9_A,135.9253287654659,492
1J5U_A,7.2,136
1JAK_A,88.70418028480957,512
5TNV_A,102.17834408523169,326
2JDC_A,40.98655267279745,146
1CT5_A,56.787432588557834,256
1ZH8_A,162.02856013678576,340
1WY2_A,150.67749135156186,351
3K89_A,83.07659116742815,314
4H7P_A,141.5603062302424,345
2A4A_A,67.59930842841516,281
1KCM_A,19.15728582028258,270
2O8N_A,36.74315990766173,265
