chain_id,group_num,group_name,xn,yn,zn,xca,yca,zca,xc,yc,zc,xcb,ycb,zcb
A,10,M,8.432,-3.001,-15.082,8.432,-2.832,-13.601,7.359,-1.946,-13.007,9.877,-2.393,-13.395
A,11,G,6.712,-1.118,-13.858,5.61,-0.307,-13.39,6.051,0.942,-12.698,5.61,-0.307,-13.39
A,12,P,5.032,1.728,-12.43,5.297,3.076,-11.915,5.652,3.05,-10.454,3.966,3.788,-12.101
A,13,I,6.166,4.172,-10.018,6.397,4.454,-8.595,5.056,4.674,-7.888,7.264,5.725,-8.424
A,14,I,4.853,3.97,-6.81,3.634,4.031,-5.997,4.044,4.082,-4.534,2.72,2.84,-6.29
A,15,T,3.012,4.318,-3.691,3.194,4.378,-2.244,2.295,3.36,-1.541,2.849,5.791,-1.743
A,16,T,2.817,2.776,-0.494,2.042,1.958,0.408,2.463,2.29,1.831,2.466,0.476,0.065
A,17,Q,1.551,2.102,2.743,1.833,2.243,4.169,1.672,0.902,4.861,0.942,3.288,4.791
A,18,V,2.456,0.684,5.91,2.322,-0.445,6.826,2.337,0.133,8.244,3.437,-1.516,6.644
A,19,T,1.784,-0.639,9.175,1.754,-0.23,10.582,2.561,-1.178,11.43,0.291,-0.165,11.063
A,20,I,3.32,-0.626,12.384,4.14,-1.387,13.287,3.802,-0.956,14.708,5.65,-1.272,13.018
A,21,P,3.541,-1.856,15.654,3.264,-1.433,17.026,4.342,-0.486,17.542,3.22,-2.747,17.797
A,22,K,3.91,0.533,18.288,4.885,1.543,18.728,6.015,0.973,19.541,4.186,2.652,19.548
A,23,D,5.752,-0.047,20.356,6.805,-0.6,21.194,7.765,-1.488,20.405,6.301,-1.359,22.419
A,24,L,7.463,-1.811,19.149,8.38,-2.603,18.29,9.067,-1.752,17.243,7.586,-3.717,17.606
A,25,A,8.562,-0.556,16.973,9.012,0.193,15.837,10.5,0.529,15.914,8.148,1.415,15.632
A,26,G,11.113,0.664,17.088,12.535,0.825,17.222,13.328,-0.249,16.52,12.535,0.825,17.222
A,27,S,12.791,-1.428,16.302,13.513,-2.493,15.601,13.998,-2.057,14.216,12.49,-3.619,15.45
A,28,I,13.299,-1.121,13.586,13.609,-0.773,12.208,14.443,0.471,12.089,12.356,-0.684,11.308
A,29,I,14.722,1.13,13.203,15.439,2.396,13.156,16.904,2.232,13.427,14.791,3.452,14.075
A,30,G,17.262,1.837,14.645,18.659,1.645,14.968,19.322,2.919,15.428,18.659,1.645,14.968
A,31,K,20.504,2.734,16.045,21.252,3.939,16.461,21.579,4.764,15.235,22.453,3.489,17.271
A,32,G,21.32,6.068,15.305,21.622,6.942,14.162,20.761,6.608,12.969,21.622,6.942,14.162
A,33,G,19.685,5.819,13.169,18.831,5.426,12.032,19.592,4.488,11.107,18.831,5.426,12.032
A,34,Q,20.615,3.797,11.582,21.417,2.983,10.683,20.588,1.86,10.053,22.635,2.38,11.409
A,35,R,19.656,1.286,10.803,18.885,0.174,10.248,17.976,0.689,9.124,18.158,-0.573,11.353
A,36,I,17.209,1.744,9.368,16.263,2.196,8.337,17.057,2.658,7.117,15.279,3.219,8.885
A,37,K,18.198,3.294,7.341,19.054,3.704,6.232,19.456,2.5,5.404,20.232,4.511,6.776
A,38,Q,19.823,1.41,6.083,20.227,0.192,5.381,19.06,-0.468,4.637,20.708,-0.821,6.446
A,39,I,17.862,-0.448,5.23,16.676,-1.04,4.609,16.307,-0.27,3.334,15.513,-1.132,5.597
A,40,R,16.375,1.074,3.387,16.185,1.861,2.151,17.198,1.439,1.089,16.318,3.349,2.453
A,41,H,18.484,1.374,1.485,19.532,1.052,0.539,19.317,-0.304,-0.116,20.886,1.173,1.258
A,42,E,18.979,-1.297,0.711,18.82,-2.661,0.194,17.627,-2.83,-0.711,18.762,-3.619,1.385
A,43,S,16.504,-2.171,-0.361,15.283,-2.27,-1.138,15.238,-1.336,-2.334,14.058,-1.991,-0.278
A,44,G,15.934,-0.203,-2.229,15.806,0.859,-3.215,14.623,1.775,-3.025,15.806,0.859,-3.215
A,45,A,13.799,1.541,-1.996,12.621,2.329,-1.742,12.931,3.487,-0.783,11.537,1.46,-1.097
A,46,S,12.135,4.558,-0.934,12.077,5.607,0.082,11.169,5.117,1.209,11.612,6.891,-0.57
A,47,I,11.596,5.327,2.457,10.868,4.796,3.604,10.893,5.861,4.691,11.472,3.487,4.147
A,48,K,9.735,6.236,5.193,9.737,7.182,6.313,8.802,6.583,7.35,9.346,8.574,5.879
A,49,I,9.064,7.188,8.424,8.196,6.861,9.557,7.53,8.138,10.026,8.869,6.081,10.721
A,50,D,6.336,7.919,10.561,5.583,9.029,11.125,6.138,9.553,12.425,4.076,8.688,11.228
A,51,E,5.582,10.684,12.879,6.063,11.23,14.171,5.6,10.324,15.275,5.61,12.679,14.336
A,52,P,6.347,10.283,16.411,6.127,9.238,17.402,4.842,9.299,18.213,7.298,9.397,18.327
A,53,L,4.22,10.467,18.329,3.009,10.622,19.157,1.762,10.726,18.303,3.117,11.894,20.005
A,54,E,1.924,10.362,17.051,0.713,10.425,16.209,-0.177,9.29,16.671,0.976,10.442,14.732
A,55,G,0.009,8.92,17.945,-1.059,8.122,18.472,-1.235,6.692,18.046,-1.059,8.122,18.472
A,56,S,-2.507,6.305,17.953,-2.91,4.915,17.797,-1.895,4.085,18.588,-3.048,4.658,16.314
A,57,E,-2.059,2.773,18.64,-1.085,1.866,19.167,0.052,1.625,18.184,-1.779,0.541,19.433
A,58,D,-0.016,2.138,16.968,0.905,1.844,15.921,1.597,3.072,15.328,0.225,1.13,14.756
A,59,R,2.768,2.867,14.797,3.441,3.819,13.961,3.158,3.485,12.511,4.987,3.798,14.166
A,60,I,2.984,4.498,11.684,2.751,4.326,10.245,4.046,4.576,9.487,1.646,5.277,9.745
A,61,I,4.433,3.589,8.665,5.627,3.621,7.828,5.153,3.757,6.384,6.439,2.332,8.035
A,62,T,5.691,4.749,5.679,5.307,5.011,4.289,6.457,4.61,3.374,4.997,6.488,4.1
A,63,I,6.151,3.732,2.417,7.162,3.119,1.519,6.798,3.538,0.093,7.138,1.591,1.641
A,64,T,7.767,4.133,-0.619,7.522,4.634,-1.972,8.58,4.113,-2.931,7.498,6.17,-1.986
A,65,G,8.149,3.476,-4.009,9.052,2.902,-4.977,8.249,2.074,-5.974,9.052,2.902,-4.977
A,66,T,8.909,1.245,-6.753,8.176,0.308,-7.567,7.514,-0.734,-6.658,9.073,-0.429,-8.58
A,67,Q,6.554,-1.469,-7.195,5.926,-2.527,-6.399,6.926,-3.526,-5.9,4.736,-3.116,-7.145
A,68,D,7.921,-3.876,-6.709,8.943,-4.828,-6.255,9.804,-4.283,-5.119,9.856,-5.15,-7.45
A,69,Q,10.203,-2.987,-5.23,10.958,-2.368,-4.155,10.161,-2.333,-2.869,11.387,-0.952,-4.56
A,70,I,8.879,-2.008,-2.976,8.007,-1.967,-1.806,7.923,-3.334,-1.156,6.607,-1.446,-2.181
A,71,Q,7.741,-4.382,-1.953,7.663,-5.741,-1.384,8.956,-6.079,-0.675,7.32,-6.728,-2.484
A,72,N,10.107,-5.78,-1.313,11.384,-6.078,-0.672,11.533,-5.291,0.632,12.532,-5.791,-1.635
A,73,A,11.128,-4.039,0.653,11.187,-3.247,1.881,10.284,-3.868,2.962,10.767,-1.805,1.617
A,74,Q,9.066,-4.273,2.586,8.17,-4.861,3.562,8.778,-6.097,4.229,6.844,-5.236,2.929
A,75,Y,9.404,-6.974,3.431,9.991,-8.179,4.021,11.184,-7.836,4.889,10.201,-9.201,2.934
A,76,L,11.998,-6.842,4.482,13.098,-6.421,5.34,12.578,-5.854,6.65,13.927,-5.345,4.628
A,77,L,11.531,-5.067,6.615,10.933,-4.522,7.851,10.433,-5.661,8.763,9.828,-3.551,7.51
A,78,Q,9.693,-6.6,8.199,9.193,-7.738,8.968,10.325,-8.525,9.573,8.339,-8.649,8.086
A,79,N,11.34,-8.852,8.761,12.43,-9.666,9.26,13.205,-8.928,10.34,13.319,-10.109,8.101
A,80,S,13.304,-7.585,10.226,13.967,-6.795,11.263,13.189,-6.817,12.573,14.138,-5.356,10.788
A,81,V,11.866,-6.625,12.507,11.058,-6.715,13.734,11.196,-8.083,14.352,9.618,-6.285,13.443
A,82,K,11.176,-9.142,13.539,11.338,-10.477,14.1,12.722,-10.672,14.741,11.12,-11.515,12.978
A,83,Q,13.786,-10.165,14.085,15.164,-10.263,14.666,15.229,-9.633,16.04,16.188,-9.62,13.689
A,84,Y,14.626,-8.472,16.22,14.874,-7.708,17.412,13.817,-7.976,18.457,15.089,-6.219,17.093
A,85,S,12.616,-8.461,18.091,11.529,-8.668,19.016,11.074,-10.123,19.209,10.23,-7.914,18.642
A,86,G,11.407,-11.012,18.299,10.95,-12.381,18.323,9.632,-12.657,17.641,10.95,-12.381,18.323
A,87,K,8.967,-11.645,17.1,7.737,-11.849,16.373,7.668,-10.935,15.141,6.51,-11.539,17.254
A,88,F,6.816,-11.336,14.238,6.422,-10.518,13.071,5.351,-9.538,13.509,5.951,-11.429,11.946
A,89,F,5.057,-8.546,12.657,3.987,-7.63,12.958,2.801,-7.729,11.988,4.451,-6.162,12.992
